complexity,loc,lang_type,maint_type,skill,age,interdependence,team_size,experiance,def_density,def_severity,churn,change_req,test_cov,doc_quality,cost
52,9226,php,preventive,9,11,high,3,senior,7,low,18,16,36,1,771.06
15,4152,java,preventive,4,8,high,6,expert,10,medium,49,39,70,5,375.11
61,2585,javascript,preventive,9,11,low,8,senior,5,medium,39,45,31,3,481.7
21,4943,python,preventive,3,1,medium,2,senior,10,medium,32,42,19,1,753.89
24,8555,javascript,preventive,7,15,high,5,expert,5,high,24,39,61,3,464.14
3,4073,javascript,preventive,6,6,medium,1,expert,7,medium,23,14,54,4,298.73
22,2021,c#,preventive,8,8,medium,1,expert,9,low,32,31,39,2,473.52
53,4843,java,preventive,9,5,low,5,expert,5,low,37,5,74,4,303.42
2,8989,swift,preventive,5,4,low,3,senior,1,medium,12,35,19,4,379.58
30,7873,javascript,preventive,1,2,high,4,senior,10,low,49,23,39,5,499.66
38,6675,python,preventive,3,6,high,3,expert,10,medium,13,29,67,2,496.03
2,1161,c#,preventive,10,6,medium,1,senior,1,high,23,43,45,4,325.2
64,5297,ruby,preventive,8,11,medium,1,expert,2,medium,25,11,13,4,437.78
60,1995,typescript,preventive,6,15,medium,5,expert,6,medium,35,18,58,2,495.9
21,8629,ruby,preventive,8,1,high,6,expert,9,medium,41,47,20,2,592.05
33,2016,javascript,preventive,9,9,high,3,senior,8,medium,30,12,72,4,315.6
58,8869,typescript,preventive,4,12,high,9,senior,5,medium,17,9,61,2,528.51
22,7439,javascript,preventive,1,11,high,5,junior,1,high,49,10,39,4,511.1
49,8892,python,preventive,1,6,medium,8,senior,7,medium,20,44,1,4,603.65
59,7863,python,preventive,10,13,low,1,junior,5,high,48,17,3,5,462.08
42,8916,python,preventive,4,3,low,5,senior,6,high,25,38,77,1,661
60,9529,java,preventive,7,4,high,3,senior,7,low,22,7,62,4,378.91
15,1878,javascript,preventive,2,12,medium,1,senior,3,low,13,46,63,3,406.98
62,5887,typescript,preventive,3,11,low,4,senior,10,low,19,13,25,1,730.66
62,5859,swift,preventive,1,4,low,5,junior,3,low,49,40,56,1,795.4
47,7331,python,preventive,5,3,medium,7,junior,5,low,36,42,33,1,772.84
62,9571,javascript,preventive,1,10,low,1,expert,6,medium,12,9,38,5,456.18
51,9684,ruby,preventive,8,3,low,3,senior,9,low,41,50,6,4,501.1
55,8208,python,preventive,1,15,medium,2,junior,5,medium,19,27,58,5,483.84
64,6276,python,preventive,1,3,medium,9,senior,1,high,12,2,44,4,445.63
3,3062,javascript,preventive,2,4,medium,10,expert,4,low,9,5,45,5,293.87
51,1064,python,preventive,2,7,low,6,senior,5,high,7,29,32,5,376.13
7,9006,kotlin,preventive,6,4,high,10,senior,10,low,28,37,45,3,455.44
21,3568,go,preventive,7,9,low,3,junior,10,low,14,38,61,5,308.14
39,6463,java,preventive,5,1,medium,8,junior,5,medium,31,19,47,2,481.66
18,3027,php,preventive,1,8,high,8,senior,7,medium,19,8,21,3,509.35
4,3695,go,preventive,1,7,medium,2,senior,4,high,47,48,80,5,403.38
60,6258,python,preventive,3,2,high,6,senior,1,high,16,45,75,1,734.94
14,6618,swift,preventive,2,8,medium,7,expert,5,high,5,1,36,2,468.2
9,7736,typescript,preventive,5,1,medium,2,expert,7,low,35,22,19,2,501.5
53,1391,go,preventive,10,11,low,10,senior,10,low,12,17,20,2,486.85
2,6892,swift,preventive,6,12,medium,2,senior,10,high,25,7,57,3,362.09
60,4561,javascript,preventive,7,9,low,10,expert,6,high,21,25,18,5,411.15
44,7184,python,preventive,4,9,low,1,senior,5,high,36,45,47,5,409.85
8,4099,python,preventive,7,2,high,8,senior,4,medium,23,4,49,1,632.48
68,27639,python,corrective,6,5,high,3,senior,5,medium,24,4,72,5,11405.85
53,25829,c#,corrective,8,8,medium,2,expert,2,high,35,49,51,1,12759.35
4,28840,python,corrective,1,6,high,1,junior,1,low,1,7,59,5,8411
4,22137,python,corrective,9,6,medium,1,senior,7,medium,42,28,25,5,8690.55
61,27155,php,corrective,1,14,high,3,senior,5,medium,35,44,8,4,14088.25
28,22387,python,corrective,4,1,medium,7,senior,10,medium,25,30,60,3,9683.05
51,24558,javascript,corrective,8,2,high,9,junior,6,high,33,11,76,4,10148.7
35,21836,c#,corrective,2,3,low,5,expert,6,medium,40,21,18,4,10475.4
10,24340,rust,corrective,3,15,low,1,senior,10,low,24,37,29,5,10181
65,24456,javascript,corrective,8,2,medium,3,expert,9,high,11,36,6,1,12853.4
31,27577,c#,corrective,3,1,medium,4,expert,3,medium,50,21,4,5,11076.55
5,24570,php,corrective,5,15,high,8,senior,5,high,1,49,8,1,10590.5
41,24828,python,corrective,1,1,medium,2,senior,5,medium,41,4,44,1,10919.2
9,20979,c#,corrective,6,1,low,1,senior,1,high,20,17,14,3,8366.85
10,29897,python,corrective,9,15,medium,9,senior,10,low,50,45,50,2,10834.55
27,22627,javascript,corrective,5,13,high,8,junior,5,high,10,25,16,3,10234.05
3,21514,typescript,corrective,2,11,low,3,senior,5,high,47,9,39,3,9062.1
64,21229,typescript,corrective,2,9,low,3,senior,7,medium,45,37,66,3,12309.35
34,21329,python,corrective,9,1,medium,1,senior,5,low,19,49,26,3,9994.35
40,24216,typescript,corrective,4,12,high,10,senior,6,medium,8,44,16,2,11562.4
50,20885,java,corrective,2,15,high,6,expert,10,high,27,24,64,5,11617.75
36,23025,javascript,corrective,5,12,low,9,expert,1,low,6,3,20,3,9183.75
68,26391,javascript,corrective,9,5,low,10,expert,10,high,32,26,21,2,12608.65
11,28278,c#,corrective,1,13,medium,9,senior,5,low,3,16,62,4,9246.7
29,29725,python,corrective,10,8,medium,2,junior,4,medium,15,46,18,4,11133.75
30,22230,java,corrective,8,2,high,4,junior,8,medium,23,16,11,5,9299.5
33,29755,java,corrective,6,2,high,6,senior,10,high,10,25,7,3,11493.25
63,21134,python,corrective,7,6,low,8,senior,5,low,1,25,78,5,9705.1
51,23861,go,corrective,2,12,low,9,senior,5,high,42,19,22,4,11909.15
59,24658,c#,corrective,2,13,medium,6,expert,10,medium,11,40,19,1,13323.7
5,27121,python,corrective,9,14,low,6,senior,2,low,47,12,48,4,8603.15
15,27113,python,corrective,2,11,high,4,expert,10,low,46,8,48,2,10466.95
27,21442,python,corrective,7,2,high,7,senior,2,low,46,34,7,1,10006.3
15,21882,c#,corrective,4,1,low,4,senior,4,high,49,32,57,5,9257.3
7,20280,java,corrective,8,9,medium,2,senior,3,high,8,37,72,4,8302
12,24896,python,corrective,1,1,high,5,expert,5,medium,17,45,34,1,10499.4
27,28832,python,corrective,2,7,high,9,expert,5,medium,26,26,41,4,10984.8
46,24230,javascript,corrective,7,11,low,7,expert,10,high,6,2,69,3,10144.5
40,21259,python,corrective,6,1,high,9,junior,7,high,22,11,6,1,10188.85
13,29352,java,corrective,7,7,medium,5,senior,7,high,13,45,25,4,10797.8
55,22720,python,corrective,7,14,high,10,expert,2,high,47,43,58,5,11923
66,29252,typescript,corrective,9,1,low,7,senior,3,medium,49,39,23,1,12962.8
52,18226,kotlin,adaptive,1,7,high,6,expert,5,medium,37,35,19,4,4284.6
15,13152,java,adaptive,9,11,high,8,senior,7,high,12,23,39,2,3332.2
61,11585,swift,adaptive,9,8,low,2,senior,9,medium,49,29,67,4,3192.5
21,13943,php,adaptive,4,11,medium,5,expert,5,low,13,43,45,4,3011.3
24,17555,javascript,adaptive,9,1,high,1,expert,1,low,23,11,13,5,3587.5
3,13073,python,adaptive,3,15,medium,1,expert,10,medium,25,18,58,2,2876.3
22,11021,javascript,adaptive,7,6,medium,5,expert,10,low,35,47,20,4,3080.1
53,13843,java,adaptive,6,8,low,3,senior,1,medium,41,12,72,4,3142.3
2,17989,java,adaptive,8,5,low,4,senior,2,high,30,9,61,2,3302.9
30,19692,java,adaptive,9,4,high,3,expert,6,medium,17,10,39,2,3874.2
38,16873,python,adaptive,5,2,high,1,senior,9,medium,49,44,1,4,4377.3
2,15675,typescript,adaptive,1,6,medium,1,expert,8,medium,20,17,3,2,3598.5
64,10161,javascript,adaptive,3,6,medium,5,expert,5,medium,48,38,77,4,2971.1
60,14297,rust,adaptive,10,11,medium,6,expert,1,medium,25,7,62,4,3173.7
21,10995,php,adaptive,8,15,high,3,senior,7,high,22,46,63,5,2983.5
33,17629,c#,adaptive,6,1,high,9,senior,5,medium,13,13,25,1,4003.9
58,19467,python,adaptive,8,9,high,5,junior,6,high,19,40,56,4,4299.7
22,11016,python,adaptive,9,12,high,8,senior,7,high,49,42,33,3,3434.6
49,17869,python,adaptive,4,11,medium,1,junior,3,low,36,9,38,1,4158.9
59,16439,c#,adaptive,1,6,low,5,senior,10,low,12,50,6,1,4379.9
42,17892,python,adaptive,1,13,low,3,senior,3,low,41,27,58,1,3882.2
60,16863,javascript,adaptive,10,3,high,1,senior,5,low,19,2,44,5,3627.3
15,17916,python,adaptive,4,4,medium,4,senior,6,low,12,5,45,4,3221.6
62,18529,swift,adaptive,7,12,low,5,junior,9,medium,9,29,32,5,4146.9
62,10878,javascript,adaptive,2,11,low,7,junior,5,low,7,37,45,4,3210.8
47,19268,typescript,adaptive,3,4,medium,1,expert,1,medium,28,38,61,5,3734.8
62,14887,c#,adaptive,1,3,low,3,senior,4,high,14,19,47,5,3586.7
51,14859,python,adaptive,5,10,low,2,junior,5,low,31,8,21,3,3758.9
55,16331,java,adaptive,1,3,medium,9,senior,10,high,19,48,80,5,3551.1
64,18571,typescript,adaptive,8,15,medium,10,expert,10,low,47,45,75,2,3926.1
3,18684,python,adaptive,1,3,medium,6,senior,5,low,16,1,36,3,3321.4
51,17208,kotlin,adaptive,1,4,low,10,senior,7,medium,5,22,19,5,3844.8
7,15276,java,adaptive,2,7,high,3,junior,4,medium,35,17,20,1,3881.6
21,12062,c#,adaptive,2,4,low,8,junior,1,high,12,7,57,2,2957.2
39,10064,swift,adaptive,6,9,medium,8,senior,5,high,25,25,18,2,3450.4
18,18006,java,adaptive,7,1,high,2,senior,7,high,21,45,47,2,3908.6
4,12568,javascript,adaptive,5,8,medium,6,senior,10,low,36,4,49,3,2727.8
60,15463,python,adaptive,1,7,high,7,expert,10,low,23,36,14,5,3968.3
14,12027,javascript,adaptive,1,2,medium,2,expert,6,high,16,6,15,5,3044.7
9,12695,python,adaptive,3,8,medium,10,senior,5,high,39,31,31,1,3491.5
53,19687,javascript,adaptive,2,1,low,2,senior,4,high,45,19,1,1,4851.7
2,15258,swift,adaptive,5,11,medium,10,expert,2,medium,42,44,54,2,3214.8
60,15618,javascript,adaptive,10,12,low,1,senior,4,medium,39,39,3,1,4471.8
44,16736,python,adaptive,6,9,low,8,senior,10,high,14,27,16,3,4017.6
8,10391,javascript,adaptive,7,9,high,1,junior,10,medium,31,10,57,5,2715.1
47,15892,swift,adaptive,4,2,medium,9,junior,3,high,5,26,75,2,3507.2
52,26396,java,perfective,10,12,high,3,expert,9,high,17,19,23,4,5339.66
15,28666,python,perfective,4,12,high,1,senior,3,low,38,26,31,1,5048.78
61,29274,python,perfective,6,12,high,5,senior,7,medium,24,3,42,4,5358.02
21,22558,kotlin,perfective,2,13,high,10,expert,6,medium,5,19,7,3,5192.91
24,27849,rust,perfective,10,9,low,7,senior,8,low,34,20,16,1,4690.98
3,22047,go,perfective,2,13,medium,7,senior,9,low,6,32,60,4,3440.73
22,22747,javascript,perfective,10,15,low,9,junior,5,medium,22,7,2,4,4292.94
53,29167,python,perfective,4,13,high,10,senior,1,medium,11,41,1,3,6000
2,29998,c#,perfective,8,1,medium,10,senior,3,low,48,33,48,1,4107.36
30,20189,javascript,perfective,7,9,medium,3,senior,10,low,16,40,12,3,4515.21
38,22734,python,perfective,9,7,low,7,expert,8,high,33,39,69,1,4240.17
2,23005,javascript,perfective,8,9,medium,1,senior,6,low,9,18,37,5,2753.41
64,24658,python,perfective,5,8,medium,4,junior,8,low,6,40,32,2,5320.88
60,21899,swift,perfective,2,1,high,4,senior,9,medium,16,1,9,2,5648.86
21,27734,python,perfective,5,12,medium,5,expert,4,high,29,11,19,2,4439.03
33,21267,java,perfective,8,8,high,7,senior,1,low,3,28,48,3,4074.01
58,21528,javascript,perfective,10,8,medium,7,senior,1,medium,20,25,80,5,3918.38
22,23556,typescript,perfective,9,15,low,4,junior,10,high,36,50,3,1,5317.01
52,6423,python,corrective,1,11,medium,8,senior,1,medium,41,25,69,3,5449.6
15,5548,python,corrective,8,9,low,3,expert,1,low,29,10,3,3,4091.73
61,4108,javascript,corrective,7,5,medium,2,senior,8,medium,29,21,37,2,3766.6
21,8158,python,corrective,10,14,low,3,junior,8,medium,38,46,49,4,5177.2
24,8400,java,corrective,3,12,low,5,junior,6,medium,42,39,19,5,5131.35
3,4170,javascript,corrective,1,14,medium,8,senior,4,low,21,27,12,3,4202.1
22,3255,java,corrective,5,3,medium,10,expert,2,high,42,27,61,3,5499.12
53,2154,javascript,corrective,4,5,high,7,junior,2,high,13,2,41,3,3747.03
2,5499,c#,corrective,10,5,medium,7,expert,9,low,49,41,33,4,5631.98
30,7295,javascript,corrective,8,5,medium,7,senior,5,low,41,48,50,1,4355.1
38,7197,python,corrective,1,3,medium,8,expert,4,low,17,13,68,1,3968.35
2,2648,javascript,corrective,10,11,low,1,senior,10,medium,9,9,71,2,2857.14
64,6539,c#,corrective,1,14,medium,4,expert,1,medium,41,36,33,1,6069.36
60,5199,javascript,corrective,4,10,low,6,expert,7,medium,1,22,24,3,5129.78
21,9445,kotlin,corrective,8,14,high,9,senior,3,low,2,42,61,3,6315.21
33,3557,python,corrective,5,4,low,2,junior,6,medium,48,26,61,3,3014.33
58,6592,javascript,corrective,2,9,medium,1,expert,5,medium,29,12,28,2,4942.08
22,1098,rust,corrective,6,13,low,10,expert,5,medium,33,17,58,3,4940.57
49,3200,typescript,corrective,5,10,high,2,junior,5,high,10,14,43,1,3528.36
59,3961,javascript,corrective,2,9,medium,7,expert,1,low,50,14,41,4,5402.38
42,5973,typescript,corrective,3,2,medium,3,expert,1,medium,40,34,39,4,5261.52
60,5433,typescript,corrective,9,8,low,10,expert,3,medium,21,20,49,5,6454.73
15,3869,c#,corrective,7,8,high,2,expert,10,medium,28,11,17,1,4116.82
62,1956,python,corrective,7,7,low,7,expert,4,high,11,16,70,3,4812.83
62,9352,python,corrective,6,8,high,2,senior,5,medium,34,31,70,4,6429.94
47,6699,typescript,corrective,8,14,low,3,senior,2,high,8,6,65,1,4355.8
62,7944,php,corrective,4,3,low,7,senior,8,low,22,19,74,4,4206.98
51,5493,typescript,corrective,8,13,low,4,expert,2,low,8,37,5,3,5116.22
55,5911,python,corrective,4,6,medium,1,expert,9,high,49,4,2,4,5903.3
64,4987,java,corrective,8,1,medium,5,senior,2,medium,15,47,22,5,5012.4
3,7015,c#,corrective,9,7,low,9,expert,9,low,17,4,57,5,5154.52
51,2218,python,corrective,3,15,high,8,expert,7,low,23,20,66,4,6181.88
7,5496,javascript,corrective,3,15,medium,9,senior,8,low,24,10,74,1,4040.28
21,5735,typescript,corrective,2,1,medium,10,senior,2,high,45,24,16,1,4055.7
39,5555,javascript,corrective,10,9,medium,9,senior,7,low,19,35,51,1,4397.4
18,9050,javascript,corrective,3,1,medium,7,junior,6,medium,5,26,39,4,4176
4,4446,javascript,corrective,3,1,medium,4,senior,4,low,32,37,76,1,2514.78
60,2045,python,corrective,5,15,low,5,junior,7,medium,44,38,40,3,4243.59
14,7893,python,corrective,5,7,low,1,junior,4,low,1,21,38,5,3377.89
9,2693,kotlin,corrective,2,2,high,1,senior,2,medium,23,40,60,3,3056.46
53,4436,php,corrective,10,14,high,3,senior,10,low,37,39,59,1,4922.48
2,9754,javascript,corrective,6,5,medium,8,junior,7,high,8,21,10,3,4886.44
60,6895,kotlin,corrective,5,8,low,2,expert,8,low,13,10,64,1,3780.11
44,4354,java,corrective,6,8,medium,4,senior,2,medium,8,38,63,4,4680.8
8,1225,javascript,corrective,1,3,medium,2,expert,5,high,23,46,49,3,3623.4
47,5893,javascript,corrective,5,7,low,5,expert,1,medium,43,4,64,4,5182.49
35,8022,python,corrective,9,3,low,9,junior,7,medium,1,45,32,4,4503.11
36,6600,python,corrective,10,6,high,1,senior,8,medium,45,20,7,2,4741
50,8996,java,corrective,2,6,medium,5,junior,6,medium,24,17,21,1,3918.78
4,8683,typescript,corrective,1,3,low,9,senior,5,medium,35,7,20,5,4528.44
2,5642,python,corrective,10,7,low,1,senior,6,high,24,4,26,1,3077.32
6,8679,kotlin,corrective,9,3,low,9,senior,2,medium,17,29,68,5,5013.72
54,9208,ruby,corrective,10,8,medium,8,senior,1,medium,5,14,15,1,5051.6
4,8339,python,corrective,9,10,low,4,senior,7,high,20,3,79,4,5022.07
54,3205,kotlin,corrective,9,4,low,10,junior,7,medium,21,24,14,3,3702.51
63,2069,rust,corrective,6,15,high,5,senior,10,low,40,37,27,3,5245.81
18,4444,rust,corrective,8,15,low,5,senior,10,medium,31,16,40,2,4246.92
44,2060,python,corrective,1,13,medium,6,senior,2,high,46,4,58,5,5326.2
34,3327,c#,corrective,10,1,low,7,senior,2,low,36,24,28,5,3681.77
62,4420,typescript,corrective,4,4,low,8,expert,1,medium,11,34,26,5,5436.72
14,1301,c#,corrective,1,14,low,8,junior,10,low,15,30,63,4,3317.1
48,1606,rust,corrective,8,7,high,2,senior,8,medium,19,18,66,5,4555.32
15,4170,c#,corrective,1,11,high,9,senior,8,low,7,19,25,3,4325.31
62,1699,go,corrective,3,4,high,7,senior,1,medium,28,31,3,4,4581.28
40,6088,php,corrective,4,13,medium,4,expert,8,high,43,19,72,1,6088.63
53,1190,go,corrective,8,6,medium,4,expert,9,medium,5,49,44,5,5451.6
24,1980,javascript,corrective,6,9,low,8,senior,4,medium,5,46,42,5,4424.4
26,3975,python,corrective,10,1,low,4,expert,1,high,30,19,6,1,3504.6
60,7102,javascript,corrective,7,13,high,6,expert,1,high,32,22,39,5,7000
41,2184,swift,corrective,8,5,low,5,expert,3,low,8,24,52,1,2932.33
29,4327,python,corrective,2,11,low,3,expert,5,medium,10,45,23,4,5054.83
15,4394,typescript,corrective,10,7,low,10,expert,5,low,38,12,50,3,4606.11
45,9319,python,corrective,8,1,low,2,junior,9,high,47,30,43,1,3852.51
65,2816,typescript,corrective,3,14,low,9,junior,10,high,32,38,19,2,4680.6
9,6854,php,corrective,7,4,medium,10,senior,2,medium,48,31,69,1,4475.8
1,7709,swift,corrective,3,6,medium,9,junior,2,high,28,36,51,5,5486.38
8,1569,python,corrective,7,2,high,1,senior,6,medium,17,19,11,4,3034.68
63,6442,swift,corrective,2,10,high,10,senior,9,medium,31,48,12,4,6972.24
11,2895,java,corrective,10,5,medium,3,senior,1,low,8,45,74,1,2748.6
8,3733,javascript,corrective,6,11,low,8,expert,9,high,40,36,8,3,5888.44
35,4863,c#,corrective,3,10,medium,6,expert,9,low,25,30,24,2,4819.61
35,8455,javascript,corrective,3,1,medium,5,junior,9,high,9,49,41,4,4856.94
33,5014,javascript,corrective,9,6,low,5,senior,5,high,2,33,36,5,4898.32
5,2686,c#,corrective,7,6,medium,6,expert,9,high,15,18,72,5,5474.3
41,4009,python,corrective,5,13,medium,7,junior,4,low,50,49,55,3,4565.81
28,8806,javascript,corrective,10,15,medium,1,expert,2,medium,3,28,9,4,6973.44
7,1154,javascript,corrective,7,15,medium,9,senior,6,low,49,47,47,1,4145.22
12,2409,python,corrective,9,4,low,3,senior,4,medium,36,11,15,5,3435.12
34,1784,javascript,corrective,1,13,high,4,expert,6,low,4,45,48,3,4896.7
33,9096,typescript,corrective,7,8,high,10,senior,3,high,14,33,42,4,7000
48,8560,ruby,corrective,6,4,low,1,senior,6,medium,41,17,60,4,4425.3
23,8343,ruby,corrective,10,8,high,10,expert,2,medium,41,6,70,4,7000
62,8206,go,corrective,9,15,medium,3,junior,2,medium,25,4,12,4,5437.08
37,6596,ruby,corrective,1,13,high,2,senior,9,medium,50,20,2,4,5862.12
44,6801,c#,corrective,4,8,high,2,expert,7,medium,10,48,7,5,7000
35,3806,python,corrective,9,5,medium,1,junior,3,medium,21,47,80,3,3605.58
65,1537,javascript,corrective,4,13,low,8,expert,1,high,36,27,3,4,6216.09
47,6986,javascript,corrective,10,15,low,3,senior,8,medium,12,15,3,2,4672.98
3,2841,python,corrective,3,4,medium,3,senior,6,high,27,6,27,2,2715.02
1,9716,typescript,corrective,9,12,medium,6,senior,7,high,40,47,40,3,6906.02
5,7971,javascript,corrective,2,13,low,8,senior,9,low,2,14,33,1,3616
14,6625,go,corrective,4,2,low,9,expert,5,high,13,11,1,1,4051.08
27,3950,rust,corrective,6,11,high,9,expert,1,low,32,39,8,1,5435.1
9,8992,typescript,corrective,2,15,high,4,senior,10,high,31,9,32,2,6090.41
15,5780,javascript,corrective,8,3,medium,5,expert,7,medium,16,26,48,1,4111.2
42,3368,python,corrective,8,3,low,2,senior,5,high,32,16,4,5,4062.56
51,7655,kotlin,corrective,1,4,low,9,senior,3,high,32,5,70,4,4965.84
63,9173,swift,corrective,3,4,low,8,senior,9,high,34,10,19,2,4944.65
52,5495,python,corrective,10,10,high,3,senior,1,high,11,50,32,3,6278.69
4,7002,c#,corrective,9,11,low,9,senior,1,medium,10,3,9,3,4450.86
23,7614,python,corrective,5,11,medium,3,expert,1,low,15,13,12,4,5354.42
15,6919,python,corrective,6,5,low,9,senior,3,medium,17,43,11,2,4210.92
43,1853,python,corrective,4,4,medium,2,junior,6,low,40,49,46,1,2507.44
29,5146,javascript,corrective,10,11,medium,10,junior,10,medium,18,30,16,1,4454.28
36,4769,rust,corrective,2,14,high,9,senior,3,medium,9,45,1,5,6609.68
13,1574,c#,corrective,8,10,low,8,expert,8,high,25,6,63,5,5422.98
32,2148,javascript,corrective,6,8,low,9,senior,10,medium,40,17,21,1,3424.14
59,7293,c#,corrective,5,6,low,5,senior,2,high,14,45,30,3,5082.26
28,7457,swift,corrective,9,6,high,2,senior,9,low,25,19,13,3,4500.94
66,8509,kotlin,corrective,1,8,high,8,senior,3,high,50,42,34,5,7000
42,5777,python,corrective,5,7,medium,6,senior,5,high,22,35,4,4,5632.44
45,4854,javascript,corrective,6,15,medium,8,senior,10,medium,30,46,28,1,5410.8
62,3491,python,corrective,5,10,medium,5,expert,8,medium,20,26,59,5,6285.84
57,4124,javascript,corrective,6,14,low,10,expert,2,high,21,5,27,5,7000
6,6691,python,corrective,6,11,high,2,senior,6,low,44,29,69,1,4190.87
28,4051,java,corrective,7,12,medium,6,junior,5,medium,32,37,25,1,4018.68
28,1004,javascript,corrective,4,10,medium,5,junior,10,medium,46,20,3,3,3546.72
44,6222,python,corrective,8,13,medium,5,junior,9,low,49,49,68,4,5183.51
30,6315,python,corrective,7,8,low,1,senior,5,medium,21,21,25,4,4129.2
62,5869,javascript,corrective,9,14,low,2,senior,2,low,35,10,20,1,3777.68
62,1876,python,corrective,7,2,high,8,senior,5,low,32,5,34,2,3356.3
1,8027,javascript,corrective,3,9,low,3,senior,4,low,30,36,26,5,4329.77
27,5142,python,corrective,3,1,medium,10,junior,7,high,39,6,5,5,4552.42
62,7966,python,corrective,8,15,low,3,senior,6,medium,49,26,61,1,5087.88
3,8079,javascript,corrective,5,8,medium,8,senior,2,high,12,4,9,2,4725.38
70,8987,java,corrective,4,12,low,8,senior,5,medium,41,39,50,3,5978.16
27,7799,python,corrective,8,11,medium,2,senior,7,medium,47,39,6,1,4954.8
9,5465,python,corrective,6,12,high,8,expert,7,medium,18,50,60,1,6313.56
62,1635,python,corrective,2,12,low,1,junior,5,medium,21,35,44,5,3751.92
37,2693,kotlin,corrective,4,4,medium,6,expert,9,low,13,1,11,1,2855.09
51,5752,javascript,corrective,4,4,medium,8,senior,4,medium,21,24,66,1,3970.4
44,9311,typescript,corrective,6,5,medium,3,expert,3,low,8,36,47,1,4700.38
24,1830,swift,corrective,6,8,high,8,senior,4,medium,46,6,73,5,5055.6
59,6177,python,corrective,1,5,high,1,expert,5,medium,40,41,3,3,5861.33
32,9932,php,corrective,8,8,low,9,expert,6,low,46,46,76,3,6333.94
52,9308,typescript,corrective,6,15,low,9,senior,3,low,7,44,30,1,4974.7
62,6949,python,corrective,3,10,low,5,senior,2,high,23,31,21,5,5816.05
58,3838,javascript,corrective,9,1,medium,10,senior,4,medium,44,20,28,3,4577.6
52,2150,ruby,corrective,2,12,low,4,senior,5,low,32,24,62,3,3466.8
12,8560,javascript,corrective,8,15,medium,6,junior,4,high,11,25,33,3,5699.43
39,2931,rust,corrective,10,10,medium,7,senior,3,low,22,36,35,5,4919.58
2,2664,javascript,corrective,3,9,medium,5,senior,8,medium,22,21,52,5,4217.8
3,2081,ruby,corrective,5,6,high,10,senior,10,high,43,30,34,1,4327.2
56,1512,javascript,corrective,6,3,low,9,expert,4,low,25,24,41,4,4094.45
59,8805,go,corrective,10,13,low,3,senior,2,low,22,44,51,3,5063.31
2,6237,typescript,corrective,6,14,high,7,expert,2,low,28,42,47,4,6887.31
2,1559,python,corrective,4,8,medium,10,senior,1,medium,29,30,58,5,4581.8
54,4672,python,corrective,3,9,medium,10,senior,4,low,13,22,75,5,4971.96
1,8404,python,corrective,4,6,medium,5,senior,10,medium,18,28,57,5,5190.8
19,4343,python,corrective,1,11,low,7,senior,9,low,2,7,23,4,3502.12
2,5070,python,corrective,4,7,high,2,expert,7,medium,29,35,48,5,5965.08
53,1580,c#,corrective,1,1,high,4,senior,10,high,21,28,22,1,2935.46
44,8004,typescript,corrective,1,14,medium,2,expert,7,high,15,14,17,5,7000
32,9130,ruby,corrective,10,5,low,7,senior,7,medium,27,10,69,2,4442.4
70,4147,swift,corrective,6,5,medium,2,senior,8,medium,50,16,11,4,4549.4
32,5249,typescript,corrective,5,10,medium,1,senior,1,medium,31,16,15,2,3879.8
68,2679,c#,corrective,4,14,low,9,senior,10,medium,15,31,35,5,5337.72
55,4506,ruby,corrective,3,4,high,1,senior,10,medium,23,42,33,1,3697.32
56,8253,javascript,corrective,1,6,low,8,senior,8,low,24,25,16,3,4257.04
17,3744,python,corrective,6,7,high,2,junior,4,high,44,13,34,5,4675.95
38,6188,python,corrective,2,9,medium,8,senior,4,medium,13,6,66,1,3977.6
24,3141,python,corrective,8,1,low,3,junior,4,low,22,44,40,4,2761.6
69,7617,python,corrective,10,15,medium,6,senior,6,medium,43,9,28,2,6038.4
70,3479,python,corrective,5,6,high,3,senior,7,medium,37,45,47,2,4686.88
11,7484,php,corrective,7,7,high,7,senior,6,high,33,36,39,2,5913.03
16,8421,ruby,corrective,10,3,high,10,senior,1,high,3,43,70,4,6690.33
59,5452,python,corrective,2,8,medium,9,junior,8,high,19,20,73,1,4306.9
70,6881,python,corrective,8,15,medium,2,senior,10,low,23,18,20,4,5378.58
3,7665,python,corrective,2,5,high,5,senior,7,medium,29,43,1,2,4694.8
20,3849,javascript,corrective,4,15,low,6,senior,6,medium,30,21,72,5,4900.32
59,8390,javascript,corrective,1,9,medium,4,expert,6,low,39,4,63,3,5430.24
36,7905,go,corrective,5,5,low,4,junior,5,low,44,50,67,4,4032.1
19,3489,javascript,corrective,9,9,high,4,senior,6,high,47,33,4,4,5883.99
67,5611,go,corrective,1,10,high,2,senior,9,low,25,27,58,1,4046.33
19,3839,rust,corrective,9,4,low,4,senior,10,medium,37,7,25,1,2774.52
20,9527,python,corrective,8,9,high,1,senior,9,low,47,6,47,4,5301.85
52,6878,ruby,corrective,6,5,high,6,senior,10,low,8,15,38,2,4257.59
33,7303,typescript,corrective,7,10,low,1,expert,8,low,42,18,15,3,4773.1
40,1851,javascript,corrective,3,9,medium,10,senior,10,high,16,32,63,1,4246.22
39,2687,javascript,corrective,1,3,high,6,senior,9,high,8,11,21,2,3403
1,7833,ruby,corrective,5,15,low,1,senior,10,high,1,20,57,5,5283.23
11,3427,java,corrective,2,4,medium,6,senior,8,medium,44,24,53,1,3075.4
57,5000,go,corrective,5,9,low,10,junior,8,low,5,15,46,2,3408.08
50,6052,swift,corrective,8,10,high,8,senior,1,medium,3,48,14,2,5797.44
23,3738,java,corrective,9,11,high,2,senior,10,medium,1,7,76,3,4226.86
31,6732,rust,corrective,2,6,high,2,expert,5,high,4,21,17,3,5606.75
42,6387,java,corrective,3,2,medium,4,senior,4,low,40,42,39,5,4515.66
7,9002,java,corrective,3,7,high,3,senior,2,medium,35,26,9,2,4818.44
16,6536,typescript,corrective,1,2,high,4,senior,8,low,32,44,77,2,3739.43
60,4913,python,corrective,8,11,medium,7,senior,3,medium,42,14,79,3,5342.6
2,2066,c#,corrective,6,2,high,1,senior,4,high,34,37,6,1,2744.52
1,8723,typescript,corrective,8,11,low,6,senior,7,medium,43,21,23,1,4472.64
52,889,rust,perfective,4,10,medium,1,senior,9,low,10,31,62,2,930.66
15,852,java,perfective,5,4,medium,8,senior,8,high,5,46,37,4,645.05
61,929,python,perfective,7,12,medium,4,junior,10,high,36,2,12,1,1200
21,883,javascript,perfective,7,14,low,6,senior,7,low,34,50,55,2,775.67
24,891,python,perfective,4,7,high,8,junior,9,medium,31,35,13,2,1068.32
3,910,python,perfective,7,2,medium,4,junior,4,medium,10,23,23,4,520.94
22,987,javascript,perfective,3,3,low,3,senior,4,high,19,17,30,1,911.61
53,998,javascript,perfective,6,1,low,9,junior,1,low,32,26,17,5,898.73
2,971,javascript,perfective,2,5,medium,3,expert,8,low,1,8,62,5,332.29
30,807,python,perfective,10,1,medium,9,expert,3,low,5,29,13,2,864.41
38,974,python,perfective,9,8,low,2,expert,7,medium,45,26,59,1,1039.45
2,834,c#,perfective,5,1,medium,2,senior,2,medium,4,10,19,2,570.39
64,880,ruby,perfective,6,11,low,2,junior,2,low,16,26,49,3,892.39
60,963,java,perfective,4,1,medium,6,expert,7,high,24,34,12,2,1198.18
21,849,kotlin,perfective,10,2,low,3,senior,6,medium,16,41,61,2,639
33,903,java,perfective,7,2,medium,9,expert,3,low,2,7,19,5,683.49
58,931,swift,perfective,9,12,medium,4,expert,9,low,49,4,76,5,874.37
22,801,php,perfective,7,6,high,1,expert,10,low,28,50,9,5,902.1
49,933,javascript,perfective,1,7,low,4,junior,6,high,32,45,71,3,865.47
59,853,python,perfective,1,5,medium,1,senior,10,medium,27,11,28,5,1011.35
42,905,javascript,perfective,9,1,low,5,expert,10,medium,20,29,78,1,938.18
60,803,java,perfective,9,1,high,4,senior,6,medium,24,36,52,4,1024.04
15,853,java,perfective,4,3,high,8,junior,1,medium,12,25,16,1,1080.37
62,990,java,perfective,9,14,low,8,senior,4,high,50,21,69,1,1200
62,945,python,perfective,3,2,medium,7,expert,10,low,35,36,12,5,1131.07
47,843,typescript,perfective,7,5,high,3,senior,6,medium,33,10,25,4,994.94
62,961,javascript,perfective,6,12,medium,1,senior,6,low,33,37,52,4,1012.2
51,989,rust,perfective,8,10,medium,1,junior,5,low,43,9,53,4,884.19
55,813,php,perfective,9,6,low,3,senior,1,medium,37,24,23,3,947.74
64,894,c#,perfective,5,7,low,6,expert,8,low,12,35,16,5,958.98
3,847,python,perfective,1,4,high,7,junior,5,low,3,49,57,4,555.11
51,814,python,perfective,3,7,high,6,senior,5,medium,1,35,39,3,987.91
7,999,python,perfective,10,11,medium,6,expert,7,high,33,48,53,2,740.19
21,989,c#,perfective,8,8,medium,6,senior,4,low,40,36,42,2,854.93
39,839,python,perfective,6,11,medium,3,senior,6,low,10,18,58,3,737.02
18,881,javascript,perfective,8,1,high,6,senior,4,high,43,49,39,3,861.73
4,910,python,perfective,9,15,high,8,senior,3,high,44,39,14,5,801.23
60,852,swift,perfective,4,6,high,2,junior,7,medium,29,32,5,5,1200
14,823,javascript,perfective,1,8,high,5,expert,8,medium,13,24,35,2,837.71
9,953,typescript,perfective,1,5,medium,1,expert,4,medium,12,23,75,4,446.17
52,801,javascript,adaptive,1,12,medium,1,senior,4,medium,5,45,76,5,1236.5
15,933,python,adaptive,3,11,high,4,senior,5,medium,35,13,24,5,841.5
61,853,javascript,adaptive,10,4,high,5,senior,10,medium,23,50,28,5,1123
21,905,java,adaptive,8,3,high,7,junior,10,low,29,28,8,5,795
24,803,java,adaptive,6,10,high,1,junior,5,medium,43,20,36,2,877
3,853,java,adaptive,8,3,medium,3,expert,7,medium,11,28,8,2,608
22,990,python,adaptive,9,15,medium,2,senior,4,medium,18,8,58,3,1102
53,945,typescript,adaptive,4,3,medium,9,junior,1,high,47,41,60,1,1225.5
2,843,javascript,adaptive,1,4,high,10,senior,5,low,12,39,50,5,828
30,961,rust,adaptive,1,7,high,6,expert,7,medium,9,1,28,1,908.5
38,989,php,adaptive,10,4,low,10,senior,10,high,10,3,41,1,1093
2,813,c#,adaptive,4,9,medium,3,senior,10,medium,44,13,64,3,901
64,894,python,adaptive,7,1,medium,8,junior,6,medium,17,28,27,5,1112.5
60,847,python,adaptive,2,8,medium,8,junior,5,medium,38,49,63,5,1280
21,814,python,adaptive,3,7,high,2,senior,4,medium,7,25,17,4,733
33,999,c#,adaptive,1,2,low,6,senior,2,high,46,33,73,1,1160
58,989,python,adaptive,5,8,low,7,senior,4,low,13,38,33,1,1158
22,839,javascript,adaptive,1,1,medium,2,expert,10,low,40,6,77,2,1020.5
49,881,python,adaptive,8,11,low,10,expert,10,medium,42,44,29,4,1128.5
59,910,swift,adaptive,1,12,medium,2,senior,3,high,9,45,13,2,1007
42,852,javascript,adaptive,1,9,high,10,senior,10,medium,50,32,46,2,1098
60,823,typescript,adaptive,2,9,high,1,expert,1,low,27,45,35,2,1064.5
15,953,c#,adaptive,2,2,medium,8,senior,8,medium,2,47,6,3,722
62,987,python,adaptive,6,7,medium,1,senior,5,high,5,21,69,3,1330.5
62,923,java,adaptive,7,15,medium,9,junior,4,low,29,16,47,2,1283
47,840,typescript,adaptive,5,14,medium,6,junior,8,medium,37,21,25,4,1039
62,956,python,adaptive,1,10,low,7,expert,7,medium,38,11,66,1,1330.5
51,814,kotlin,adaptive,1,3,medium,10,expert,2,medium,19,37,10,4,890
55,844,java,adaptive,3,7,high,7,senior,1,medium,8,36,56,5,1174
64,864,c#,adaptive,2,12,medium,10,senior,4,low,48,35,30,3,1166.5
3,888,swift,adaptive,5,10,high,3,junior,8,low,45,19,5,1,648
51,870,java,adaptive,10,9,medium,2,junior,2,low,1,20,33,1,1041.5
7,808,javascript,adaptive,6,4,medium,9,senior,3,high,22,18,65,5,924
21,887,python,adaptive,7,12,medium,8,senior,1,high,17,47,18,5,866.5
39,928,javascript,adaptive,4,1,medium,10,expert,1,medium,7,41,49,2,1056
18,935,python,adaptive,7,2,high,7,senior,3,high,25,49,11,3,773.5
4,862,javascript,adaptive,8,1,low,9,senior,5,medium,45,14,26,3,735.5
60,938,swift,adaptive,1,14,medium,4,expert,3,medium,4,15,63,4,1291.5
14,880,javascript,adaptive,6,12,medium,4,expert,1,medium,36,31,59,2,987.5
9,935,python,adaptive,8,5,high,1,senior,1,low,6,1,27,2,748
53,962,javascript,adaptive,5,5,low,8,senior,8,low,31,3,49,2,1190
2,962,swift,adaptive,4,11,high,3,senior,10,medium,19,16,77,2,1036.5
60,832,python,adaptive,2,7,medium,7,senior,2,medium,44,23,33,3,1082.5
44,922,java,adaptive,6,9,low,2,senior,3,low,39,11,1,3,873
8,804,python,adaptive,6,9,high,2,expert,2,high,27,12,21,2,684.5
47,840,javascript,adaptive,1,3,high,7,junior,3,high,10,10,55,4,1074
35,827,javascript,adaptive,9,3,high,6,junior,7,low,26,32,6,1,801.5
36,934,python,adaptive,6,3,medium,3,junior,1,high,19,16,69,1,1116.5
50,1000,typescript,adaptive,3,4,medium,9,junior,10,high,39,8,5,4,982.5
4,871,javascript,adaptive,4,8,medium,10,expert,8,high,3,38,3,2,647
52,26949,javascript,preventive,7,7,low,4,senior,2,medium,41,23,65,2,1764.92
15,22433,javascript,preventive,4,2,low,2,senior,5,medium,28,24,47,2,1474.2
61,25311,java,preventive,9,4,low,6,expert,8,low,7,37,78,4,1532.29
21,25051,python,preventive,3,9,medium,6,expert,10,low,9,35,3,5,1920.22
24,26420,javascript,preventive,5,12,medium,10,senior,9,low,8,44,1,3,2059.27
3,21184,javascript,preventive,3,14,high,4,senior,9,high,12,40,5,1,2236.05
22,24555,javascript,preventive,7,2,low,6,senior,1,high,34,22,14,4,1682.19
53,23385,ruby,preventive,5,10,medium,2,expert,9,medium,33,27,27,5,2007.41
2,26396,python,preventive,9,9,low,10,expert,7,high,48,35,9,4,1694.51
52,847,python,corrective,3,8,medium,3,junior,1,high,15,43,78,4,1834.87
15,950,java,corrective,4,15,medium,6,junior,10,high,29,44,32,1,2708.2
61,861,typescript,corrective,3,3,low,7,junior,4,medium,8,24,46,3,1956.87
21,836,python,corrective,1,12,high,10,junior,1,medium,5,25,16,3,2851.44
24,898,python,corrective,1,10,high,10,senior,8,high,29,7,68,2,2873.52
3,971,swift,corrective,5,7,medium,3,senior,1,low,47,6,37,5,1375.22
22,903,python,corrective,6,10,high,7,senior,3,high,4,24,54,1,2381.92
53,834,python,corrective,3,5,medium,3,expert,4,high,12,33,14,2,2065.21
2,992,javascript,corrective,9,10,low,2,senior,8,low,45,49,55,4,1361.96
30,900,rust,corrective,5,5,low,10,senior,6,high,2,29,48,4,1694
38,974,python,corrective,8,14,low,4,senior,10,medium,27,43,7,3,2077.3
2,930,java,corrective,1,7,medium,8,senior,7,high,31,22,74,3,2087.8
64,800,ruby,corrective,5,15,low,9,junior,8,high,36,26,7,4,2671
60,804,python,corrective,3,9,medium,7,junior,2,low,36,28,33,3,2501.91
21,941,c#,corrective,1,12,medium,1,junior,10,medium,26,50,23,1,2749.12
33,902,javascript,corrective,4,5,medium,3,junior,8,high,43,21,19,3,1963.94
58,826,java,corrective,5,1,medium,9,junior,3,medium,27,49,19,5,2251.92
22,936,java,corrective,7,10,medium,1,expert,7,medium,5,7,36,3,1466.99
49,814,typescript,corrective,1,10,medium,9,senior,3,medium,20,17,29,2,2844.38
59,889,python,corrective,3,1,low,8,junior,7,medium,11,20,60,1,2343.47
42,841,go,corrective,2,15,medium,1,junior,2,medium,10,41,2,2,2308.02
60,923,javascript,corrective,9,2,medium,6,junior,10,medium,40,49,1,2,2502.67
15,978,python,corrective,10,14,medium,5,senior,6,low,38,20,47,5,1798.06
62,862,python,corrective,6,6,high,6,senior,3,medium,6,22,69,1,2590.48
62,895,java,corrective,10,9,low,10,expert,3,low,8,28,20,1,2485
47,851,java,corrective,3,8,medium,5,senior,9,low,23,40,11,1,2693.75
62,895,python,corrective,8,13,high,6,expert,7,low,47,49,2,1,3346.2
51,931,typescript,corrective,8,5,medium,5,expert,5,low,26,7,67,1,2201.87
55,950,python,corrective,2,1,medium,5,junior,10,medium,46,1,12,5,2261.6
64,942,java,corrective,6,13,medium,4,senior,7,medium,43,32,20,3,2535.21
3,970,python,corrective,7,7,medium,3,senior,9,high,12,13,5,2,1607.57
51,828,c#,corrective,2,15,high,3,senior,1,low,26,30,37,1,3017.52
7,835,javascript,corrective,10,5,low,4,senior,7,high,13,23,38,3,1239
21,812,kotlin,corrective,2,6,low,9,senior,6,high,40,19,9,3,2053.4
39,959,python,corrective,10,13,medium,2,senior,10,medium,18,32,53,2,2020.48
18,870,javascript,corrective,1,7,high,9,expert,9,high,25,30,44,5,2438.4
4,986,python,corrective,8,3,medium,1,expert,1,high,33,29,24,4,1150.27
60,885,kotlin,corrective,1,12,low,1,senior,4,low,47,49,74,4,2288
14,827,php,corrective,9,10,medium,5,expert,9,medium,40,45,30,3,1835.85
9,865,python,corrective,6,3,high,6,senior,4,high,43,29,59,2,1790.8
53,969,java,corrective,7,5,low,6,senior,10,high,12,30,14,4,1923.23
2,844,go,corrective,10,6,medium,3,senior,3,low,44,16,9,3,1456.18
60,861,typescript,corrective,7,9,medium,7,junior,9,high,36,40,40,5,2451.49
44,984,typescript,corrective,10,13,medium,9,senior,2,high,48,19,66,4,2295.48
8,933,python,corrective,3,14,medium,10,senior,4,high,4,18,25,3,2083.69
47,827,python,corrective,2,12,low,8,senior,6,high,5,1,73,3,2043.4
35,827,swift,corrective,9,5,low,6,expert,2,high,37,14,22,1,2037.96
36,907,swift,corrective,8,15,low,8,junior,8,low,8,47,4,5,2155.9
50,843,java,corrective,10,1,high,5,senior,8,low,42,50,26,1,2652.72
4,883,javascript,corrective,7,14,high,8,senior,1,medium,49,2,58,2,2154.03
2,829,javascript,corrective,9,14,medium,10,senior,3,high,28,28,29,1,2436.89
6,989,c#,corrective,4,14,high,4,senior,10,medium,31,49,37,1,2597.76
54,874,swift,corrective,4,4,medium,10,expert,9,medium,9,50,75,4,2021.58
4,927,swift,corrective,1,5,medium,8,senior,5,medium,29,30,70,3,2013.44
54,891,ruby,corrective,8,12,medium,10,junior,6,medium,14,38,18,5,2557.17
63,989,java,corrective,3,10,low,2,junior,4,high,40,4,42,1,2456.47
18,928,python,corrective,7,10,low,5,senior,10,high,41,1,41,5,1641.03
44,920,python,corrective,2,5,medium,9,senior,2,medium,22,8,38,1,2651
34,826,swift,corrective,2,7,medium,4,junior,8,medium,11,29,34,2,2103.42
62,989,java,corrective,7,4,low,6,senior,6,medium,23,39,17,1,2423.23
14,920,python,corrective,6,1,high,1,senior,5,medium,1,3,37,4,1076.8
48,915,python,corrective,3,14,high,9,senior,9,medium,46,32,25,3,3032
15,802,java,corrective,9,14,low,1,senior,1,medium,37,10,76,2,1424.96
62,902,python,corrective,10,5,high,5,senior,5,medium,21,10,27,1,2705.28
40,997,python,corrective,6,7,high,4,senior,6,low,26,19,57,5,1883.68
53,999,typescript,corrective,10,10,high,3,senior,5,low,46,46,31,2,2530.56
24,954,c#,corrective,10,10,low,6,junior,6,medium,36,34,6,2,2042.8
26,936,java,corrective,6,6,high,2,senior,6,medium,23,33,40,1,2212.24
60,861,python,corrective,1,5,medium,3,senior,7,medium,1,23,12,2,2498.32
41,964,c#,corrective,4,4,high,5,expert,4,high,40,28,53,5,1949.76
29,850,python,corrective,10,2,high,9,senior,8,medium,15,32,71,2,1970.4
15,971,javascript,corrective,6,4,medium,2,expert,7,low,21,50,10,5,1421.79
45,951,ruby,corrective,6,15,high,10,senior,9,high,47,7,45,1,3387.04
65,858,java,corrective,5,10,high,8,junior,7,medium,9,29,17,3,2805.12
9,917,php,corrective,1,10,high,2,expert,3,high,9,8,26,2,2137.68
1,959,java,corrective,8,3,medium,5,senior,3,medium,10,1,62,3,1106.93
8,895,typescript,corrective,5,10,low,7,senior,8,high,26,3,46,5,1547
63,979,python,corrective,5,1,medium,8,junior,5,high,41,24,64,2,2388.98
11,912,javascript,corrective,7,8,high,1,senior,4,high,35,23,2,4,1654.59
8,861,python,corrective,4,5,low,6,senior,8,high,25,8,54,3,1426.2
35,985,python,corrective,6,13,medium,1,senior,6,low,26,47,65,2,1935.27
35,851,rust,corrective,4,4,low,2,expert,2,low,11,37,51,3,1341.2
33,811,javascript,corrective,3,8,medium,1,junior,4,high,38,3,53,2,1821.45
5,838,swift,corrective,7,7,high,5,senior,4,medium,2,33,36,1,1998.03
41,929,java,corrective,8,2,high,10,senior,6,high,7,28,26,3,2185.56
28,930,ruby,corrective,4,1,low,9,junior,6,low,18,47,29,4,1768
7,912,typescript,corrective,2,12,high,6,senior,1,medium,27,8,21,4,2054.88
12,900,typescript,corrective,10,11,medium,1,senior,8,medium,34,34,11,5,1596.1
34,912,javascript,corrective,3,4,medium,1,senior,6,medium,27,35,40,2,1777.67
33,983,python,corrective,1,8,high,2,junior,3,medium,17,32,11,3,2446.32
45,12435,python,corrective,2,8,medium,6,expert,7,medium,2,21,5,2,8243.4
48,11634,python,corrective,9,4,low,10,senior,8,low,19,8,62,3,4897.36
65,10973,rust,corrective,5,7,high,5,junior,5,low,29,45,7,4,9040.92
68,14464,python,corrective,8,7,low,7,senior,1,low,1,44,33,5,7056.56
68,18393,typescript,corrective,1,8,medium,6,junior,1,medium,22,28,38,2,9401.72
10,12418,javascript,corrective,5,10,high,2,senior,8,medium,25,45,28,1,8926.72
22,13455,python,corrective,10,2,high,4,junior,4,high,10,16,52,2,5898.2
37,16167,javascript,corrective,1,10,low,4,senior,4,high,9,24,79,5,8283.68
13,15819,javascript,corrective,7,7,medium,9,senior,1,low,19,12,60,3,5339.76
59,16521,php,corrective,5,1,medium,10,expert,1,low,12,14,9,3,5876.84
66,16242,swift,corrective,3,4,low,6,expert,10,medium,29,30,57,1,7866.68
40,17742,python,corrective,5,9,medium,6,senior,5,high,18,32,30,5,8538.68
47,19123,typescript,corrective,7,5,low,7,senior,5,high,16,47,29,3,8072.92
38,16738,python,corrective,4,2,medium,1,senior,6,high,4,19,35,3,7416.52
26,12787,ruby,corrective,4,5,low,10,expert,9,high,43,5,59,5,6185.48
10,17316,php,corrective,8,6,high,8,senior,9,medium,25,29,17,2,7157.64
21,14305,javascript,corrective,9,1,low,6,senior,1,medium,22,2,73,4,4000
70,12610,python,corrective,6,4,medium,2,senior,2,low,29,50,60,2,7536.4
48,15531,python,corrective,1,15,medium,6,senior,6,medium,22,50,8,5,10822.24
65,16926,rust,corrective,9,11,medium,7,senior,10,medium,15,24,13,2,8347.04
50,17204,javascript,corrective,6,2,high,7,senior,10,high,48,17,33,3,7537.16
30,16922,javascript,corrective,5,5,medium,9,senior,7,low,2,42,76,5,6487.88
20,14182,python,corrective,8,5,low,8,senior,2,medium,13,27,41,3,5866.28
20,10307,javascript,corrective,5,5,medium,6,senior,5,medium,12,49,1,3,7913.28
15,15302,python,corrective,2,1,medium,4,senior,1,low,26,3,78,3,5215.08
40,11152,python,corrective,4,1,medium,3,expert,5,low,40,48,38,2,7036.08
33,16950,ruby,corrective,4,11,medium,10,senior,8,high,12,18,48,4,8139
66,18467,kotlin,corrective,10,14,low,10,expert,8,low,27,21,62,1,7094.68
10,15294,ruby,corrective,3,9,low,4,expert,8,medium,46,39,51,4,7884.76
58,11208,javascript,corrective,6,15,medium,3,junior,7,low,35,1,69,1,8193.32
33,12492,javascript,corrective,3,12,high,6,senior,3,medium,2,7,77,5,7090.68
32,18829,javascript,corrective,4,12,low,5,senior,7,high,17,45,58,4,9149.16
24,10770,python,corrective,6,5,high,2,junior,1,medium,2,23,5,1,7671.8
36,18286,python,corrective,8,7,medium,6,senior,3,high,17,16,37,3,6982.44
56,15995,javascript,corrective,3,10,medium,9,expert,8,low,34,11,38,5,7536.8
29,12344,php,corrective,8,13,high,4,senior,8,low,34,35,36,4,7960.76
35,13091,kotlin,corrective,2,12,medium,6,senior,3,medium,45,41,49,2,9203.64
1,13912,java,corrective,7,4,high,9,expert,7,medium,39,39,1,5,6713.48
1,11434,java,corrective,6,4,medium,5,senior,2,medium,41,22,50,3,5910.36
37,16594,ruby,corrective,1,13,high,2,senior,4,medium,9,35,58,3,9370.76
54,15368,typescript,corrective,1,3,medium,8,senior,8,high,14,33,10,3,8976.72
6,18372,python,corrective,4,2,medium,9,expert,1,medium,43,43,51,1,6643.88
39,17148,c#,corrective,2,11,medium,2,senior,6,medium,20,45,49,4,9395.92
18,17997,rust,corrective,10,3,high,3,senior,5,medium,33,36,13,5,6663.88
5,13854,python,corrective,10,2,medium,2,junior,6,medium,24,42,71,4,5816.16
43,18032,java,corrective,7,12,low,2,expert,6,low,5,40,37,4,7751.28
59,18131,php,corrective,7,4,low,8,junior,4,high,32,28,37,1,8101.24
32,14845,ruby,corrective,8,13,high,6,senior,9,medium,23,49,31,1,9112.8
2,15116,rust,corrective,9,5,high,1,senior,1,high,1,11,20,3,6072.64
66,13533,typescript,corrective,9,11,medium,5,expert,2,medium,38,5,39,4,6600.32
42,12937,python,corrective,8,2,medium,2,junior,6,low,32,18,45,1,6518.48
58,19837,python,corrective,1,2,high,2,senior,5,medium,16,4,36,3,7671.48
36,14939,python,corrective,9,1,medium,7,junior,2,medium,20,38,15,5,6587.56
12,19744,typescript,corrective,7,8,high,7,senior,6,medium,16,31,30,1,7677.76
47,13224,javascript,corrective,9,9,medium,1,senior,1,low,13,24,52,1,6777.96
1,15021,rust,corrective,10,11,high,3,senior,7,high,46,30,61,5,7193.84
15,11134,c#,corrective,9,5,high,4,senior,9,low,11,39,68,5,5783.36
54,10025,python,corrective,4,4,high,8,junior,9,medium,42,31,30,1,8627
13,19680,python,corrective,7,6,low,10,senior,7,high,17,12,28,5,6583.2
43,10956,javascript,corrective,2,7,medium,3,senior,4,medium,7,3,4,5,7744.24
69,11913,swift,corrective,8,4,medium,5,senior,5,high,22,30,34,3,7427.52
7,12934,rust,corrective,5,3,low,10,expert,5,low,31,8,52,1,4980.36
69,19661,java,corrective,10,10,medium,1,junior,4,high,4,10,28,5,8058.44
48,12721,typescript,corrective,3,9,low,7,senior,7,low,17,24,57,3,7529.84
4,10928,php,corrective,1,13,high,10,senior,6,medium,1,1,22,1,8105.12
53,15627,ruby,corrective,9,2,low,3,senior,10,medium,2,49,40,1,7306.08
16,16265,javascript,corrective,3,13,high,5,expert,9,medium,33,18,75,1,8069.6
21,15446,java,corrective,8,5,medium,8,junior,2,medium,44,41,30,5,7189.84
59,10469,java,corrective,9,11,medium,4,senior,4,low,19,22,30,5,7090.76
24,18717,c#,corrective,5,1,low,1,expert,9,low,19,31,62,4,5910.68
14,11863,javascript,corrective,5,9,low,6,senior,2,medium,23,27,59,3,6793.52
49,11720,javascript,corrective,2,14,medium,5,senior,6,high,16,16,25,4,9486.8
50,15272,swift,corrective,8,4,high,1,expert,9,medium,16,49,17,3,7753.88
70,10591,python,corrective,7,10,low,3,junior,1,low,29,18,65,2,7320.64
42,16185,python,corrective,10,6,high,4,senior,4,low,8,11,14,4,6061.4
36,12322,swift,corrective,5,6,high,2,senior,8,low,28,18,2,1,8016.88
65,10207,swift,corrective,2,2,medium,8,senior,2,low,25,4,3,2,7008.28
70,14262,java,corrective,6,8,medium,2,junior,8,low,25,40,67,2,8465.48
1,13421,javascript,corrective,10,14,low,4,senior,9,low,13,10,20,2,6655.84
51,15249,typescript,corrective,8,15,medium,5,senior,1,low,14,30,77,3,7331.96
37,18408,python,corrective,2,9,low,2,senior,8,low,19,4,31,5,7823.32
35,18216,javascript,corrective,4,7,low,8,expert,6,high,15,8,40,5,6938.64
49,15103,javascript,corrective,6,5,medium,5,senior,10,low,15,17,78,2,6349.12
52,969,Rust,preventive,8,1,medium,5,senior,8,high,1,37,25,4,292.31
15,987,Go,preventive,7,8,medium,7,junior,1,medium,11,32,18,3,279
61,814,JavaScript,preventive,9,3,medium,7,senior,1,medium,28,9,66,3,236.65
21,989,Python,preventive,8,3,low,4,senior,2,medium,25,41,54,5,209.63
24,989,C#,preventive,5,1,medium,7,junior,2,medium,50,35,35,3,303.74
3,974,JavaScript,preventive,2,11,medium,3,senior,6,low,23,19,80,3,190
22,989,Python,preventive,5,5,high,6,senior,7,high,31,48,61,3,280.81
53,850,JavaScript,preventive,8,10,high,2,senior,5,medium,30,16,41,2,325
2,907,Python,preventive,10,7,high,10,senior,1,low,42,3,33,5,234.65
30,854,Swift,preventive,9,10,low,9,senior,1,low,35,20,68,1,320.26
38,863,Python,preventive,9,9,low,5,junior,3,medium,7,24,33,4,240.88
2,930,Java,preventive,1,12,low,6,senior,2,medium,16,33,14,1,400
64,850,JavaScript,preventive,9,7,high,4,senior,5,low,26,24,21,5,324.23
60,934,TypeScript,preventive,7,9,low,10,senior,10,medium,48,11,48,4,294.51
21,820,TypeScript,preventive,9,8,medium,7,junior,6,low,49,49,20,5,327.18
33,872,Python,preventive,8,12,low,9,senior,7,medium,2,8,8,3,284.39
58,966,Rust,preventive,1,2,high,7,senior,4,low,1,36,7,4,382.73
22,817,Ruby,preventive,8,1,medium,1,senior,7,medium,48,38,67,3,245.47
49,931,Kotlin,preventive,8,7,medium,1,expert,8,medium,12,40,17,1,400
59,888,Swift,preventive,3,7,medium,9,junior,1,high,5,20,33,1,400
52,18792,typescript,perfective,3,12,medium,5,senior,2,low,47,30,74,1,3049.3
15,18433,rust,perfective,7,8,high,5,expert,9,medium,34,37,43,4,2489.99
61,17513,java,perfective,1,15,low,7,expert,10,medium,32,23,44,1,3500
21,12612,python,perfective,4,11,medium,9,senior,6,medium,48,10,29,5,2765.25
24,17041,javascript,perfective,4,6,high,9,senior,10,medium,25,5,13,3,2909.48
3,19555,python,perfective,5,8,low,3,senior,3,low,40,36,12,3,1954.98
22,16235,python,perfective,7,9,high,3,senior,8,high,45,34,46,1,2616.06
53,15486,javascript,perfective,7,4,medium,3,senior,8,high,1,31,2,4,2227.59
2,17099,javascript,perfective,4,1,medium,4,senior,2,high,16,10,35,4,1509.72
30,19670,javascript,perfective,7,14,medium,8,expert,6,low,39,19,8,5,2992.66
38,10775,python,perfective,3,1,medium,6,senior,7,low,5,32,26,1,2091.74
2,18226,python,perfective,6,10,low,8,expert,2,medium,22,1,74,3,1878.28
64,13152,c#,perfective,2,4,high,1,senior,10,medium,29,5,34,4,2618.47
60,11585,ruby,perfective,10,12,medium,8,senior,2,medium,3,45,7,1,2940.91
21,13943,java,perfective,9,14,low,4,senior,10,high,12,4,68,4,2071.07
33,17555,kotlin,perfective,5,7,low,1,senior,1,low,26,16,58,4,1731.65
58,13073,java,perfective,6,2,medium,8,expert,8,high,16,24,75,3,2244.76
22,11021,swift,perfective,4,3,medium,4,senior,1,medium,37,16,29,2,1788.74
49,13843,php,perfective,10,1,low,6,senior,9,high,22,2,36,5,1929.29
59,17989,javascript,perfective,7,5,medium,8,senior,6,low,29,49,21,5,2876.14
42,19692,python,perfective,9,1,low,4,expert,7,medium,14,28,36,3,1821.87
60,16873,javascript,perfective,7,8,medium,3,junior,10,medium,28,32,10,4,2759.01
15,15675,java,perfective,1,1,low,9,expert,7,low,5,27,73,1,2239.25
62,10161,java,perfective,1,11,medium,3,senior,10,low,47,20,24,4,3338.31
62,14297,java,perfective,9,1,medium,9,senior,3,high,49,24,64,3,2527.82
47,10995,python,perfective,9,2,high,2,expert,2,high,30,12,49,5,1750.95
62,17629,typescript,perfective,4,2,low,2,expert,9,low,46,50,36,4,2210.87
51,19467,javascript,perfective,9,12,medium,2,expert,8,medium,5,35,24,5,2585.32
55,11016,rust,perfective,3,6,low,6,senior,10,medium,12,33,23,1,2448.81
64,17869,php,perfective,7,7,high,3,senior,7,high,16,33,62,5,2712.68
3,16439,c#,perfective,6,5,high,9,senior,9,low,26,43,37,5,2483.8
51,17892,python,perfective,8,1,low,4,expert,4,low,26,37,12,2,1960.76
7,16863,python,perfective,9,1,medium,1,junior,4,low,48,12,55,2,1408.18
21,17916,python,perfective,5,3,high,4,senior,1,medium,21,3,13,2,2058.58
39,18529,c#,perfective,1,14,medium,1,junior,8,medium,39,1,23,5,3282.26
18,10878,python,perfective,3,2,medium,5,senior,3,low,36,33,30,3,1876.06
4,19268,javascript,perfective,10,5,low,4,senior,7,high,33,40,17,5,1857.54
52,4242,typescript,adaptive,8,12,high,4,senior,2,medium,35,33,67,3,2532
15,5636,c#,adaptive,5,9,low,8,junior,3,medium,43,16,25,3,2769.5
61,2059,java,adaptive,1,7,high,5,junior,3,low,17,45,76,2,2151.25
21,7668,python,adaptive,7,12,low,2,senior,4,low,45,42,42,2,3353.5
24,4157,c#,adaptive,5,14,high,6,junior,4,high,43,44,9,2,3064.75
3,6915,python,adaptive,6,15,low,5,expert,10,high,34,2,79,2,2803.75
22,3693,javascript,adaptive,7,4,high,2,junior,5,medium,9,35,40,5,2248.75
53,4627,ruby,adaptive,3,3,medium,3,senior,4,low,26,42,25,4,2592.75
2,6450,java,adaptive,10,10,high,9,senior,10,medium,2,34,5,1,3257.5
30,2663,php,adaptive,3,15,low,7,expert,8,medium,9,30,11,3,2088.25
38,6592,java,adaptive,5,5,medium,7,junior,6,low,9,13,59,5,2695.5
2,8392,typescript,adaptive,6,5,high,6,senior,6,low,40,13,79,1,3293
64,2306,python,adaptive,9,3,medium,8,expert,8,high,17,18,38,5,1875
60,7776,javascript,adaptive,5,12,medium,4,expert,7,medium,1,32,72,5,3080.5
21,6864,python,adaptive,1,9,medium,8,expert,10,low,25,32,5,3,3146.5
33,8526,python,adaptive,4,4,medium,4,senior,10,low,43,35,48,4,3387
58,9901,rust,adaptive,5,11,medium,8,junior,8,low,40,39,18,2,3500
22,6575,javascript,adaptive,10,5,medium,9,senior,2,medium,42,46,70,4,2748.75
49,6530,swift,adaptive,10,4,high,3,expert,9,low,25,29,37,3,3068
59,5413,java,adaptive,5,5,low,3,senior,1,low,39,49,60,3,2750.75
42,4748,ruby,adaptive,7,7,low,2,senior,8,high,35,29,48,3,2643.5
60,1663,typescript,adaptive,4,9,high,10,senior,4,low,3,44,77,1,1981.25
15,2998,typescript,adaptive,1,7,high,3,expert,4,medium,50,16,28,4,2048.5
62,8994,javascript,adaptive,5,13,medium,3,junior,5,low,37,44,69,4,3500
62,2495,python,adaptive,7,5,medium,5,senior,8,low,44,47,77,5,1868.75
47,4304,c#,adaptive,10,10,low,5,senior,5,low,44,10,40,5,2201
62,4763,javascript,adaptive,10,10,low,2,senior,8,high,30,30,45,5,2610.75
51,6232,python,adaptive,6,7,medium,10,senior,10,high,38,25,62,3,3002
55,2853,java,adaptive,5,14,medium,6,junior,1,high,34,39,58,4,2286.25
64,7585,python,adaptive,4,15,medium,5,senior,10,medium,12,20,67,3,3281.25
3,2291,kotlin,adaptive,2,10,low,6,senior,9,medium,19,5,56,1,1765.25
51,4581,kotlin,adaptive,4,5,high,1,senior,6,low,37,1,40,5,2397.75
7,8554,swift,adaptive,10,3,high,5,junior,3,low,44,30,40,3,3500
21,8280,javascript,adaptive,10,7,medium,9,senior,8,high,49,49,77,3,3411.5
39,2636,python,adaptive,3,13,medium,10,senior,9,low,17,3,33,1,2127.5
18,4696,kotlin,adaptive,10,11,medium,2,junior,6,low,10,45,6,2,2841
4,1698,javascript,adaptive,1,11,high,1,senior,7,low,49,14,19,4,1754
60,5737,rust,adaptive,8,2,medium,10,junior,1,low,47,30,80,2,2840.75
14,1854,rust,adaptive,5,15,low,9,junior,5,low,12,50,40,5,1683.5
9,9164,php,adaptive,4,12,high,10,expert,5,medium,16,4,59,3,3350
53,6855,javascript,adaptive,8,9,high,9,senior,10,medium,24,18,59,1,3321.75
2,8392,javascript,adaptive,7,10,high,9,expert,4,high,19,37,48,1,3500
60,7528,php,adaptive,2,10,high,6,senior,6,high,8,25,41,4,3442
44,6249,javascript,adaptive,1,12,medium,8,senior,7,medium,31,48,13,2,3368.75
8,6172,python,adaptive,4,1,medium,1,expert,9,low,21,1,45,4,2402.5
47,2707,typescript,adaptive,8,13,high,10,senior,1,medium,17,46,53,3,2185.25
35,6791,kotlin,adaptive,2,6,high,4,senior,6,medium,23,15,42,4,2997.25
36,6535,c#,adaptive,3,7,low,1,senior,7,low,37,9,63,1,2960.25
50,5931,typescript,adaptive,1,14,low,8,senior,3,medium,16,15,27,1,3090.75
4,4510,python,adaptive,1,13,medium,1,expert,8,medium,6,49,38,5,2298.5
2,1202,java,adaptive,3,8,high,3,expert,5,medium,8,24,60,5,1261.5
6,5218,rust,adaptive,5,10,high,4,expert,9,medium,25,4,7,3,2662
54,9958,python,adaptive,3,9,low,8,junior,5,low,18,12,5,2,3500
4,5389,typescript,adaptive,1,2,medium,6,expert,9,high,25,37,45,4,2523.75
54,3327,php,adaptive,1,11,medium,10,expert,10,high,12,37,58,3,2308.75
63,9004,ruby,adaptive,8,10,high,7,junior,4,low,15,43,31,5,3500
18,3931,c#,adaptive,10,2,high,8,junior,9,high,26,6,23,4,2381.75
44,8777,c#,adaptive,2,5,high,2,expert,5,medium,41,39,42,5,3500
34,1197,javascript,adaptive,3,13,medium,10,senior,10,high,45,46,10,4,1997.75
62,8125,javascript,adaptive,2,5,medium,8,expert,9,high,26,24,32,2,3500
14,2930,go,adaptive,3,6,low,3,junior,3,medium,47,11,53,3,1947
48,7287,go,adaptive,7,3,low,7,expert,4,low,32,13,30,4,2937.75
15,9800,php,adaptive,1,8,high,3,senior,9,low,10,34,39,1,3500
62,5282,swift,adaptive,10,13,high,7,junior,10,medium,16,25,31,1,3256.5
40,3511,typescript,adaptive,8,1,high,2,junior,6,medium,7,7,2,4,2367.25
53,1659,typescript,adaptive,10,6,high,10,expert,2,low,17,4,78,4,1364.25
24,3811,ruby,adaptive,10,4,medium,6,senior,7,low,23,8,77,4,1778.25
26,8098,java,adaptive,10,1,high,3,senior,2,high,26,20,12,1,3500
60,7546,c#,adaptive,2,15,high,3,senior,2,high,21,29,39,1,3500
41,2986,ruby,adaptive,3,7,high,9,expert,1,medium,22,45,66,4,2005.5
29,9338,swift,adaptive,9,9,low,7,senior,3,low,7,46,13,5,3500
15,3911,javascript,adaptive,7,13,medium,5,expert,6,low,14,10,46,5,1878.75
45,2734,javascript,adaptive,4,4,low,10,senior,8,low,15,43,27,2,2184
65,2843,python,adaptive,10,4,high,7,senior,9,high,7,34,17,3,2486.25
9,9680,typescript,adaptive,5,6,medium,9,senior,7,low,9,26,60,5,3284.5
1,3976,python,adaptive,2,12,low,1,senior,4,medium,48,41,64,1,2403
8,2959,javascript,adaptive,8,15,medium,7,expert,6,low,8,49,35,5,1839.75
63,6759,typescript,adaptive,4,3,medium,6,senior,5,medium,50,3,70,2,3050.75
11,7694,javascript,adaptive,9,13,medium,10,senior,8,medium,23,6,30,2,3212
8,3385,java,adaptive,5,12,low,9,expert,1,high,29,5,71,3,1807.75
35,5736,python,adaptive,9,6,medium,1,senior,1,low,18,5,74,5,2266
35,2802,python,adaptive,4,7,medium,4,senior,6,low,31,47,63,1,2222
33,9155,go,adaptive,10,11,high,9,expert,10,low,30,23,28,1,3500
5,9120,javascript,adaptive,5,10,medium,4,senior,2,high,39,49,60,4,3500
41,7616,python,adaptive,9,10,high,10,junior,5,high,35,9,79,1,3500
28,6534,typescript,adaptive,8,3,medium,3,expert,1,medium,18,35,37,3,2889.5
7,5061,ruby,adaptive,3,7,medium,9,senior,7,medium,42,20,22,3,2579.25
12,1262,python,adaptive,1,14,high,2,senior,1,medium,39,49,68,1,1926
34,7287,java,adaptive,3,3,medium,4,junior,4,low,17,42,20,1,3500
33,9815,python,adaptive,4,13,low,6,expert,9,high,14,35,68,4,3500
48,3049,python,adaptive,2,13,low,2,senior,1,medium,31,50,64,1,2395.75
23,6423,typescript,adaptive,1,2,high,8,senior,4,medium,24,18,17,4,2934.75
62,5548,typescript,adaptive,7,12,medium,8,expert,6,medium,35,17,12,4,2858.5
37,4108,java,adaptive,8,14,high,1,expert,6,low,44,24,22,1,2775
44,8158,c#,adaptive,7,10,low,3,junior,8,low,45,3,17,2,3500
35,8400,rust,adaptive,5,4,low,10,senior,1,high,34,32,10,2,3500
65,4170,typescript,adaptive,1,12,low,9,senior,7,low,3,35,65,4,2254
47,3255,javascript,adaptive,7,8,medium,5,expert,1,medium,37,38,22,1,2532.25
3,2154,ruby,adaptive,7,13,medium,6,junior,7,low,43,13,50,2,1847
1,5499,python,adaptive,9,15,medium,4,senior,3,medium,40,47,14,1,3059.75
5,7295,javascript,adaptive,3,9,medium,10,expert,8,low,26,25,64,1,3016.75
14,7197,python,adaptive,9,7,high,2,expert,3,medium,23,9,47,1,3155.75
27,2648,python,adaptive,1,1,medium,8,senior,1,high,44,4,29,5,1859
9,6539,rust,adaptive,1,3,medium,6,expert,8,low,39,14,76,1,2753.25
15,5199,go,adaptive,4,13,high,5,junior,3,medium,15,37,36,5,2688.25
42,9445,c#,adaptive,9,12,medium,9,expert,2,medium,49,34,52,4,3500
51,3557,javascript,adaptive,6,14,medium,1,junior,1,medium,4,11,76,2,2257.25
63,6592,python,adaptive,3,9,high,5,senior,3,high,29,41,7,2,3500
52,1098,python,adaptive,1,15,high,6,expert,2,high,22,3,29,2,1949.5
4,3200,python,adaptive,4,12,low,5,junior,2,low,25,28,11,2,2276.5
23,3961,typescript,adaptive,9,1,high,6,senior,6,low,13,29,33,2,2389.75
15,5973,c#,adaptive,3,9,medium,6,expert,1,low,18,9,6,2,2811.25
52,16396,java,preventive,10,12,high,3,expert,9,high,17,19,23,4,1119.51
15,18666,python,preventive,4,12,high,1,senior,3,low,38,26,31,1,950.58
61,19274,python,preventive,6,12,high,5,senior,7,medium,24,3,42,4,1199.16
21,12558,kotlin,preventive,2,13,high,10,expert,6,medium,5,19,7,3,866.91
24,17849,rust,preventive,10,9,low,7,senior,8,low,34,20,16,1,941.49
3,12047,go,preventive,2,13,medium,7,senior,9,low,6,32,60,4,532.32
22,12747,javascript,preventive,10,15,low,9,junior,5,medium,22,7,2,4,718.9
53,19167,python,preventive,4,13,high,10,senior,1,medium,11,41,1,3,1300.82
2,19998,c#,preventive,8,1,medium,10,senior,3,low,48,33,48,1,749.15
30,10189,javascript,preventive,7,9,medium,3,senior,10,low,16,40,12,3,856.93
38,12734,python,preventive,9,7,low,7,expert,8,high,33,39,69,1,960.66
2,13005,javascript,preventive,8,9,medium,1,senior,6,low,9,18,37,5,500
64,14658,python,preventive,5,8,medium,4,junior,8,low,6,40,32,2,1247.8
60,11899,swift,preventive,2,1,high,4,senior,9,medium,16,1,9,2,1267.77
21,17734,python,preventive,5,12,medium,5,expert,4,high,29,11,19,2,835.11
33,11267,java,preventive,8,8,high,7,senior,1,low,3,28,48,3,803.37
58,11528,javascript,preventive,10,8,medium,7,senior,1,medium,20,25,80,5,952.36
22,13556,typescript,preventive,9,15,low,4,junior,10,high,36,50,3,1,983.33
38,25743,typescript,adaptive,2,11,low,5,junior,1,low,19,45,26,5,5894.3
69,29578,swift,adaptive,10,1,high,1,senior,2,medium,50,32,46,4,6657.8
19,20170,swift,adaptive,7,12,medium,8,expert,5,high,36,44,40,1,5087
10,26914,go,adaptive,1,5,medium,6,junior,8,high,49,49,27,3,5926.4
58,21447,python,adaptive,1,9,high,7,expert,1,high,33,36,65,2,5499.7
15,28288,c#,adaptive,8,12,medium,6,senior,5,medium,25,41,34,1,5808.8
36,20719,javascript,adaptive,10,7,medium,8,expert,7,high,21,22,32,1,5316.9
24,27179,typescript,adaptive,3,12,medium,6,expert,3,medium,9,1,40,5,4942.9
30,24221,java,adaptive,4,5,medium,2,expert,10,medium,9,49,12,4,5922.1
61,20199,python,adaptive,8,7,low,1,senior,2,low,50,22,24,1,5939.9
3,20822,python,adaptive,5,14,low,6,senior,1,medium,30,26,52,2,4292.2
20,20161,c#,adaptive,2,7,high,9,senior,6,low,12,20,71,2,4126.1
46,28326,ruby,adaptive,4,12,medium,7,senior,8,medium,20,38,71,3,5467.6
61,25340,php,adaptive,3,8,medium,7,senior,1,low,17,19,49,5,5504
46,26720,ruby,adaptive,2,13,medium,7,senior,5,low,10,35,44,1,5917
25,28327,python,adaptive,7,10,low,7,junior,8,medium,46,20,63,1,5382.7
56,29370,python,adaptive,10,12,medium,8,expert,8,low,19,36,40,3,6232
66,27110,ruby,adaptive,6,3,medium,1,senior,5,high,3,37,17,3,6791
52,21739,python,adaptive,6,5,medium,2,expert,2,low,31,1,22,4,5443.9
13,21299,python,adaptive,7,4,medium,2,senior,4,low,37,41,39,4,4759.9
37,22415,php,adaptive,10,1,medium,8,senior,6,low,2,44,62,1,4896.5
42,29291,kotlin,adaptive,5,8,low,8,senior,5,high,46,37,68,4,5669.1
32,21094,typescript,adaptive,3,1,medium,9,senior,7,high,46,29,65,1,4859.4
52,8215,java,perfective,7,9,low,7,expert,10,medium,36,28,7,2,1766.45
15,3454,typescript,perfective,1,8,medium,1,expert,7,medium,26,50,74,4,1228.45
61,9996,python,perfective,3,13,medium,3,expert,8,low,43,21,7,4,2022.73
21,3731,go,perfective,2,5,medium,9,senior,2,low,27,49,33,3,1497.45
24,9154,javascript,perfective,9,1,medium,1,senior,10,medium,5,7,23,3,1123.82
3,6056,python,perfective,10,13,medium,9,junior,8,low,20,17,19,4,1140.35
22,9110,python,perfective,6,7,medium,8,expert,3,medium,11,20,19,3,1309.72
53,4840,java,perfective,10,15,low,1,senior,7,low,10,41,36,1,1683.2
2,2028,java,perfective,3,5,medium,6,senior,3,medium,40,49,29,3,1310.51
30,8385,python,perfective,8,6,medium,5,senior,7,medium,38,20,60,5,1129.73
38,1502,typescript,perfective,8,13,medium,6,senior,2,low,6,22,2,3,1611.69
2,7910,python,perfective,2,7,high,10,senior,10,medium,8,28,1,2,1549.86
64,7938,java,perfective,6,3,low,5,junior,6,low,23,40,47,1,1693.02
60,5488,python,perfective,7,12,medium,6,senior,3,low,47,49,69,2,1738.01
21,1206,c#,perfective,2,10,high,5,senior,3,high,26,7,20,2,1451.68
33,6134,javascript,perfective,10,3,medium,5,expert,9,medium,46,1,11,5,1379.81
58,6977,kotlin,perfective,2,5,medium,4,senior,7,high,43,32,2,1,2236.5
22,8721,python,perfective,10,6,medium,3,expert,5,low,12,13,67,1,1002.99
49,8035,javascript,perfective,1,9,medium,3,senior,10,medium,26,30,12,1,2142.99
59,2484,python,perfective,8,13,high,4,senior,7,high,13,23,20,1,2076.86
42,8858,kotlin,perfective,1,14,low,9,expert,9,medium,40,19,5,1,1945.59
60,1863,php,perfective,9,12,low,2,senior,1,medium,18,32,37,5,1495.84
15,3790,python,perfective,6,5,medium,9,junior,7,medium,25,30,38,3,1191.8
62,8408,java,perfective,7,15,high,1,junior,6,medium,33,29,9,2,2247.61
62,9755,go,perfective,10,1,medium,1,expert,10,high,47,49,53,1,1926.29
47,6116,typescript,perfective,7,14,low,5,senior,9,high,40,45,44,3,1584.92
62,7019,typescript,perfective,10,14,medium,6,expert,1,high,43,29,24,3,1909.67
51,2757,python,perfective,3,14,high,6,senior,4,low,12,30,74,2,1512.54
55,8574,python,perfective,2,4,low,3,junior,9,high,44,16,30,5,1544.77
64,7374,swift,perfective,9,5,medium,7,junior,4,high,36,40,59,4,1655.38
3,7892,swift,perfective,8,12,medium,9,senior,10,low,48,19,14,4,1294.11
51,2678,java,perfective,10,10,medium,10,senior,3,low,4,18,9,3,1654.46
7,4242,javascript,perfective,7,10,medium,8,senior,9,high,5,1,40,2,880.97
21,5636,javascript,perfective,9,5,low,6,senior,2,medium,37,14,66,4,822
39,2059,c#,perfective,4,7,low,8,expert,4,high,8,47,25,3,1485.76
18,7668,swift,perfective,4,4,low,5,senior,6,low,42,50,73,5,1038.34
4,4157,swift,perfective,1,1,high,8,senior,2,high,49,2,22,4,1269.1
60,6915,ruby,perfective,8,14,high,10,expert,8,low,28,28,4,3,2205.89
14,3693,java,perfective,3,14,medium,4,senior,8,low,31,49,26,3,1533.18
9,4627,python,perfective,7,5,high,10,senior,1,low,9,50,58,1,1302.85
53,6450,python,perfective,2,7,medium,8,expert,3,high,29,30,29,5,1741.46
2,2663,swift,perfective,2,10,medium,10,expert,10,medium,14,38,37,1,1341.25
60,6592,java,perfective,7,10,medium,2,junior,9,medium,40,4,75,2,1321.57
44,8392,python,perfective,6,6,low,5,expert,5,medium,41,1,70,1,1131.79
8,2306,python,perfective,3,5,low,9,senior,6,high,22,8,18,1,1144.6
47,7776,java,perfective,9,4,medium,4,senior,4,medium,11,29,42,4,1408.33
35,6864,python,perfective,10,2,medium,6,senior,10,high,23,39,41,3,1428.89
36,8526,python,perfective,6,4,low,1,expert,2,medium,1,3,38,5,974.96
50,9901,typescript,perfective,10,15,high,9,senior,8,medium,46,32,34,1,2120.29
4,6575,c#,perfective,10,10,high,1,senior,6,medium,37,10,17,5,1197.21
2,6530,java,perfective,6,10,low,5,senior,5,medium,21,10,37,1,971.48
6,5413,python,perfective,1,3,high,4,senior,9,high,26,19,25,2,1433
54,4748,c#,perfective,4,10,high,3,junior,1,medium,46,46,76,1,1843.01
4,1663,python,perfective,10,1,high,6,junior,5,low,36,34,27,4,1223.9
54,2998,javascript,perfective,6,8,low,2,junior,6,high,23,33,57,3,1350.59
63,8994,ruby,perfective,6,5,high,3,junior,5,medium,1,23,31,2,1827.12
18,2495,java,perfective,5,13,medium,5,junior,6,medium,40,28,6,1,1703.1
44,4304,php,perfective,1,4,high,9,senior,6,high,15,32,40,5,1767.5
34,4763,java,perfective,8,8,high,2,junior,7,medium,21,50,12,2,1934.54
62,6232,typescript,perfective,5,7,medium,10,senior,4,low,47,7,53,2,1548.98
14,2853,python,perfective,5,2,high,8,expert,8,high,9,29,71,1,1072.4
48,7585,javascript,perfective,7,1,high,2,senior,7,medium,9,8,10,2,1675.92
15,2291,python,perfective,4,12,high,5,senior,9,medium,10,1,45,5,976.99
62,4581,python,perfective,6,11,medium,7,junior,7,low,26,3,17,2,1749.48
40,8554,rust,perfective,4,4,low,8,junior,3,high,41,24,26,5,1414.27
53,8280,javascript,perfective,3,8,medium,1,junior,3,medium,35,23,62,1,1592.32
24,2636,swift,perfective,7,12,high,6,junior,8,medium,25,8,46,3,1201.7
26,4696,java,perfective,8,2,low,1,senior,5,high,26,47,64,2,1105.98
60,1698,ruby,perfective,4,3,medium,2,junior,4,high,11,37,2,3,1924.95
41,5737,typescript,perfective,2,12,low,1,junior,8,low,38,3,54,5,1159.28
29,1854,typescript,perfective,10,1,medium,5,junior,6,medium,2,33,65,2,1041.78
15,9164,javascript,perfective,3,1,high,10,senior,2,low,7,28,51,4,1099.78
45,6855,python,perfective,1,13,high,9,senior,4,high,18,47,53,3,1931.45
65,8392,c#,perfective,8,3,low,6,senior,4,low,27,8,36,2,1455.96
9,7528,javascript,perfective,3,11,high,1,senior,6,medium,34,34,26,3,1475.73
1,6249,python,perfective,10,5,medium,1,senior,6,high,27,35,29,2,1155.71
8,6172,java,perfective,7,12,medium,2,junior,1,high,17,32,21,1,1401.98
63,2707,python,perfective,10,3,high,9,expert,8,medium,43,24,11,3,2066.64
11,6791,kotlin,perfective,5,1,medium,3,senior,6,high,44,14,40,4,1016.79
8,6535,kotlin,perfective,10,1,medium,1,junior,3,low,24,32,11,4,1234.5
35,5931,swift,perfective,5,8,high,5,expert,9,high,25,46,36,5,1698.91
35,4510,javascript,perfective,7,10,low,7,expert,2,low,7,43,59,2,1212.92
33,1202,python,perfective,9,11,medium,6,junior,8,medium,6,16,39,3,1229.69
5,5218,kotlin,perfective,5,12,medium,1,senior,10,high,24,4,54,5,787.7
41,9958,javascript,perfective,1,13,low,5,expert,3,low,33,37,55,3,1524.46
28,5389,rust,perfective,10,13,medium,5,expert,5,low,49,21,24,2,1522.34
7,3327,rust,perfective,10,12,medium,6,junior,6,high,29,14,22,4,1131.5
12,9004,php,perfective,1,15,high,3,senior,10,high,43,31,69,1,1555.22
34,3931,javascript,perfective,2,14,high,5,senior,6,medium,22,48,56,4,1639.75
33,8777,javascript,perfective,6,2,high,7,senior,4,medium,26,18,33,5,1404.5
